id,subject,BarcodeSequence,LinkerPrimerSequence,Project,Site,LandUse,Plot,Elevation,Slope,Drought,Day,Treatment,Distance
4,Reference1-Control,TGAGACCCTACA,TATGGTAATTGTGTGYCAGCMGCCGCGGTAA,CWT,14,Reference,W14P1,Low,5m,Control,42,Reference-Control,0.439847578
5,Reference1-Drought,ACTTGGTGTAAG,TATGGTAATTGTGTGYCAGCMGCCGCGGTAA,CWT,14,Reference,W14P1,Low,5m,Drought,42,Reference-Drought,0.393236255
17,Reference2-Control,ATTACGTATCAT,TATGGTAATTGTGTGYCAGCMGCCGCGGTAA,CWT,14,Reference,W14P2,Low,25m,Control,42,Reference-Control,0.45876429
18,Reference2-Drought,CACGCAGTCTAC,TATGGTAATTGTGTGYCAGCMGCCGCGGTAA,CWT,14,Reference,W14P2,Low,25m,Drought,42,Reference-Drought,0.429844856
30,Reference3-Control,TGTGCACGCCAT,TATGGTAATTGTGTGYCAGCMGCCGCGGTAA,CWT,14,Reference,W14P3,Low,50m,Control,42,Reference-Control,0.438418617
31,Reference3-Drought,CCGGACAAGAAG,TATGGTAATTGTGTGYCAGCMGCCGCGGTAA,CWT,14,Reference,W14P3,Low,50m,Drought,42,Reference-Drought,0.476796407
43,Reference4-Control,TTGCTGGACGCT,TATGGTAATTGTGTGYCAGCMGCCGCGGTAA,CWT,14,Reference,W14P4,High,50m,Control,42,Reference-Control,0.400449102
44,Reference4-Drought,TACTAACGCGGT,TATGGTAATTGTGTGYCAGCMGCCGCGGTAA,CWT,14,Reference,W14P4,High,50m,Drought,42,Reference-Drought,0.480675014
56,Reference5-Control,GCGATCACACCT,TATGGTAATTGTGTGYCAGCMGCCGCGGTAA,CWT,14,Reference,W14P5,High,25m,Control,42,Reference-Control,0.475571584
57,Reference5-Drought,CAAACGCACTAA,TATGGTAATTGTGTGYCAGCMGCCGCGGTAA,CWT,14,Reference,W14P5,High,25m,Drought,42,Reference-Drought,0.369556342
69,Reference6-Control,GAAGAGGGTTGA,TATGGTAATTGTGTGYCAGCMGCCGCGGTAA,CWT,14,Reference,W14P6,High,5m,Control,42,Reference-Control,0.449101796
70,Reference6-Drought,TGAGTGGTCTGT,TATGGTAATTGTGTGYCAGCMGCCGCGGTAA,CWT,14,Reference,W14P6,High,5m,Drought,42,Reference-Drought,0.367174741
82,Disturbed1-Control,TTACACAAAGGC,TATGGTAATTGTGTGYCAGCMGCCGCGGTAA,CWT,6,Disturbed,W6P1,Low,5m,Control,42,Disturbed-Control,0.481423517
83,Disturbed1-Drought,ACGACGCATTTG,TATGGTAATTGTGTGYCAGCMGCCGCGGTAA,CWT,6,Disturbed,W6P1,Low,5m,Drought,42,Disturbed-Drought,0.44284159
95,Disturbed2-Control,TATCCAAGCGCA,TATGGTAATTGTGTGYCAGCMGCCGCGGTAA,CWT,6,Disturbed,W6P2,Low,25m,Control,42,Disturbed-Control,0.442909635
108,Disturbed3-Control,GGTGAGCAAGCA,TATGGTAATTGTGTGYCAGCMGCCGCGGTAA,CWT,6,Disturbed,W6P3,Low,50m,Control,42,Disturbed-Control,0.434131737
109,Disturbed3-Drought,TAAATATACCCT,TATGGTAATTGTGTGYCAGCMGCCGCGGTAA,CWT,6,Disturbed,W6P3,Low,50m,Drought,42,Disturbed-Drought,0.438894937
121,Disturbed4-Control,TTGCGGACCCTA,TATGGTAATTGTGTGYCAGCMGCCGCGGTAA,CWT,6,Disturbed,W6P4,High,5m,Control,42,Disturbed-Control,0.486390855
122,Disturbed4-Drought,GTCGTCCAAATG,TATGGTAATTGTGTGYCAGCMGCCGCGGTAA,CWT,6,Disturbed,W6P4,High,5m,Drought,42,Disturbed-Drought,0.637928688
134,Disturbed5-Control,TGCACAGTCGCT,TATGGTAATTGTGTGYCAGCMGCCGCGGTAA,CWT,6,Disturbed,W6P5,High,25m,Control,42,Disturbed-Control,0.512588459
135,Disturbed5-Drought,TTACTGTGGCCG,TATGGTAATTGTGTGYCAGCMGCCGCGGTAA,CWT,6,Disturbed,W6P5,High,25m,Drought,42,Disturbed-Drought,0.502994012
147,Disturbed6-Control,GGTTCATGAACA,TATGGTAATTGTGTGYCAGCMGCCGCGGTAA,CWT,6,Disturbed,W6P6,High,50m,Control,42,Disturbed-Control,0.474550898
148,Disturbed6-Drought,TAACAATAATTC,TATGGTAATTGTGTGYCAGCMGCCGCGGTAA,CWT,6,Disturbed,W6P6,High,50m,Drought,42,Disturbed-Drought,0.470944475
6,Reference1-Control,CTTATTAAACGT,TATGGTAATTGTGTGYCAGCMGCCGCGGTAA,CWT,14,Reference,W14P1,Low,5m,Control,43,Reference-Control,0.319678824
7,Reference1-Drought,GCTCGAAGATTC,TATGGTAATTGTGTGYCAGCMGCCGCGGTAA,CWT,14,Reference,W14P1,Low,5m,Drought,43,Reference-Drought,0.4864589
19,Reference2-Control,TATTTGATTGGT,TATGGTAATTGTGTGYCAGCMGCCGCGGTAA,CWT,14,Reference,W14P2,Low,25m,Control,43,Reference-Control,0.340160588
20,Reference2-Drought,TGTCAAAGTGAC,TATGGTAATTGTGTGYCAGCMGCCGCGGTAA,CWT,14,Reference,W14P2,Low,25m,Drought,43,Reference-Drought,0.554028307
32,Reference3-Control,CGGTATAGCAAT,TATGGTAATTGTGTGYCAGCMGCCGCGGTAA,CWT,14,Reference,W14P3,Low,50m,Control,43,Reference-Control,0.449850299
33,Reference3-Drought,GACTCTGCTCAG,TATGGTAATTGTGTGYCAGCMGCCGCGGTAA,CWT,14,Reference,W14P3,Low,50m,Drought,43,Reference-Drought,0.434948285
45,Reference4-Control,GTCATGCTCCAG,TATGGTAATTGTGTGYCAGCMGCCGCGGTAA,CWT,14,Reference,W14P4,High,50m,Control,43,Reference-Control,0.391330974
46,Reference4-Drought,TACCGAAGGTAT,TATGGTAATTGTGTGYCAGCMGCCGCGGTAA,CWT,14,Reference,W14P4,High,50m,Drought,43,Reference-Drought,0.517011432
58,Reference5-Control,TGAGTATGAGTA,TATGGTAATTGTGTGYCAGCMGCCGCGGTAA,CWT,14,Reference,W14P5,High,25m,Control,43,Reference-Control,0.373366903
59,Reference5-Drought,TATCATATTACG,TATGGTAATTGTGTGYCAGCMGCCGCGGTAA,CWT,14,Reference,W14P5,High,25m,Drought,43,Reference-Drought,0.425966249
71,Reference6-Control,CTATATTATCCG,TATGGTAATTGTGTGYCAGCMGCCGCGGTAA,CWT,14,Reference,W14P6,High,5m,Control,43,Reference-Control,0.4068454
72,Reference6-Drought,ACCGAACAATCC,TATGGTAATTGTGTGYCAGCMGCCGCGGTAA,CWT,14,Reference,W14P6,High,5m,Drought,43,Reference-Drought,0.408546543
84,Disturbed1-Control,ACCTACTTGTCT,TATGGTAATTGTGTGYCAGCMGCCGCGGTAA,CWT,6,Disturbed,W6P1,Low,5m,Control,43,Disturbed-Control,0.427735438
85,Disturbed1-Drought,ACTGTGACGTCC,TATGGTAATTGTGTGYCAGCMGCCGCGGTAA,CWT,6,Disturbed,W6P1,Low,5m,Drought,43,Disturbed-Drought,0.54586282
97,Disturbed2-Control,CTCTGAGGTAAC,TATGGTAATTGTGTGYCAGCMGCCGCGGTAA,CWT,6,Disturbed,W6P2,Low,25m,Control,43,Disturbed-Control,0.435628743
110,Disturbed3-Control,AACAGTAAACAA,TATGGTAATTGTGTGYCAGCMGCCGCGGTAA,CWT,6,Disturbed,W6P3,Low,50m,Control,43,Disturbed-Control,0.456450735
111,Disturbed3-Drought,GTGCCGGCCGAC,TATGGTAATTGTGTGYCAGCMGCCGCGGTAA,CWT,6,Disturbed,W6P3,Low,50m,Drought,43,Disturbed-Drought,0.591113228
123,Disturbed4-Control,CCTTGACCGATG,TATGGTAATTGTGTGYCAGCMGCCGCGGTAA,CWT,6,Disturbed,W6P4,High,5m,Control,43,Disturbed-Control,0.4705362
124,Disturbed4-Drought,CAAACTGCGTTG,TATGGTAATTGTGTGYCAGCMGCCGCGGTAA,CWT,6,Disturbed,W6P4,High,5m,Drought,43,Disturbed-Drought,0.578728906
136,Disturbed5-Control,TCGAGAGTTTGC,TATGGTAATTGTGTGYCAGCMGCCGCGGTAA,CWT,6,Disturbed,W6P5,High,25m,Control,43,Disturbed-Control,0.559063691
137,Disturbed5-Drought,CGACACGGAGAA,TATGGTAATTGTGTGYCAGCMGCCGCGGTAA,CWT,6,Disturbed,W6P5,High,25m,Drought,43,Disturbed-Drought,0.681614045
149,Disturbed6-Control,TCCACAGGGTTC,TATGGTAATTGTGTGYCAGCMGCCGCGGTAA,CWT,6,Disturbed,W6P6,High,50m,Control,43,Disturbed-Control,0.518780621
150,Disturbed6-Drought,GGAGAACGACAC,TATGGTAATTGTGTGYCAGCMGCCGCGGTAA,CWT,6,Disturbed,W6P6,High,50m,Drought,43,Disturbed-Drought,0.511703865
8,Reference1-Control,CCTACCATTGTT,TATGGTAATTGTGTGYCAGCMGCCGCGGTAA,CWT,14,Reference,W14P1,Low,5m,Control,44,Reference-Control,0.430593359
9,Reference1-Drought,TCCGGCGGGCAA,TATGGTAATTGTGTGYCAGCMGCCGCGGTAA,CWT,14,Reference,W14P1,Low,5m,Drought,44,Reference-Drought,0.613840501
21,Reference2-Control,TAATCCATAATC,TATGGTAATTGTGTGYCAGCMGCCGCGGTAA,CWT,14,Reference,W14P2,Low,25m,Control,44,Reference-Control,0.354654328
22,Reference2-Drought,CCTCCGTCATGG,TATGGTAATTGTGTGYCAGCMGCCGCGGTAA,CWT,14,Reference,W14P2,Low,25m,Drought,44,Reference-Drought,0.592065868
34,Reference3-Control,TTCGATGCCGCA,TATGGTAATTGTGTGYCAGCMGCCGCGGTAA,CWT,14,Reference,W14P3,Low,50m,Control,44,Reference-Control,0.44011976
35,Reference3-Drought,AGCTCTAGAAAC,TATGGTAATTGTGTGYCAGCMGCCGCGGTAA,CWT,14,Reference,W14P3,Low,50m,Drought,44,Reference-Drought,0.560628743
47,Reference4-Control,CTGACACGAATA,TATGGTAATTGTGTGYCAGCMGCCGCGGTAA,CWT,14,Reference,W14P4,High,50m,Control,44,Reference-Control,0.392896026
48,Reference4-Drought,GCTGCCCACCTA,TATGGTAATTGTGTGYCAGCMGCCGCGGTAA,CWT,14,Reference,W14P4,High,50m,Drought,44,Reference-Drought,0.643712575
60,Reference5-Control,GCGTTTGCTAGC,TATGGTAATTGTGTGYCAGCMGCCGCGGTAA,CWT,14,Reference,W14P5,High,25m,Control,44,Reference-Control,0.421066957
61,Reference5-Drought,AGATCGTGCCTA,TATGGTAATTGTGTGYCAGCMGCCGCGGTAA,CWT,14,Reference,W14P5,High,25m,Drought,44,Reference-Drought,0.587710942
73,Reference6-Control,AATTAATATGTA,TATGGTAATTGTGTGYCAGCMGCCGCGGTAA,CWT,14,Reference,W14P6,High,5m,Control,44,Reference-Control,0.383777899
74,Reference6-Drought,CATTTCGCACTT,TATGGTAATTGTGTGYCAGCMGCCGCGGTAA,CWT,14,Reference,W14P6,High,5m,Drought,44,Reference-Drought,0.399156233
86,Disturbed1-Control,ACATGATATTCT,TATGGTAATTGTGTGYCAGCMGCCGCGGTAA,CWT,6,Disturbed,W6P1,Low,5m,Control,44,Disturbed-Control,0.404531845
87,Disturbed1-Drought,GCAACGAACGAG,TATGGTAATTGTGTGYCAGCMGCCGCGGTAA,CWT,6,Disturbed,W6P1,Low,5m,Drought,44,Disturbed-Drought,0.705702232
99,Disturbed2-Control,AGATGTCCGTCA,TATGGTAATTGTGTGYCAGCMGCCGCGGTAA,CWT,6,Disturbed,W6P2,Low,25m,Control,44,Disturbed-Control,0.403511159
112,Disturbed3-Control,GGATACTCGCAT,TATGGTAATTGTGTGYCAGCMGCCGCGGTAA,CWT,6,Disturbed,W6P3,Low,50m,Control,44,Disturbed-Control,0.460941753
113,Disturbed3-Drought,AATGTTCAACTT,TATGGTAATTGTGTGYCAGCMGCCGCGGTAA,CWT,6,Disturbed,W6P3,Low,50m,Drought,44,Disturbed-Drought,0.586486119
125,Disturbed4-Control,AGCAGTGCGGTG,TATGGTAATTGTGTGYCAGCMGCCGCGGTAA,CWT,6,Disturbed,W6P4,High,5m,Control,44,Disturbed-Control,0.626224823
126,Disturbed4-Drought,GCATATGCACTG,TATGGTAATTGTGTGYCAGCMGCCGCGGTAA,CWT,6,Disturbed,W6P4,High,5m,Drought,44,Disturbed-Drought,0.718018508
138,Disturbed5-Control,CCGGCGACAGAA,TATGGTAATTGTGTGYCAGCMGCCGCGGTAA,CWT,6,Disturbed,W6P5,High,25m,Control,44,Disturbed-Control,0.509186173
139,Disturbed5-Drought,CCTCACTAGCGA,TATGGTAATTGTGTGYCAGCMGCCGCGGTAA,CWT,6,Disturbed,W6P5,High,25m,Drought,44,Disturbed-Drought,0.701143168
151,Disturbed6-Control,CTAATCAGAGTG,TATGGTAATTGTGTGYCAGCMGCCGCGGTAA,CWT,6,Disturbed,W6P6,High,50m,Control,44,Disturbed-Control,0.479654328
152,Disturbed6-Drought,CTACTCCACGAG,TATGGTAATTGTGTGYCAGCMGCCGCGGTAA,CWT,6,Disturbed,W6P6,High,50m,Drought,44,Disturbed-Drought,0.533682635
10,Reference1-Control,ACTAAAGCAAAC,TATGGTAATTGTGTGYCAGCMGCCGCGGTAA,CWT,14,Reference,W14P1,Low,5m,Control,56,Reference-Control,0.46672564
11,Reference1-Drought,TAGGAACTCACC,TATGGTAATTGTGTGYCAGCMGCCGCGGTAA,CWT,14,Reference,W14P1,Low,5m,Drought,56,Reference-Drought,0.577027763
23,Reference2-Control,GTCCGTCCTGGT,TATGGTAATTGTGTGYCAGCMGCCGCGGTAA,CWT,14,Reference,W14P2,Low,25m,Control,56,Reference-Control,0.440391943
24,Reference2-Drought,TAAGGCATCGCT,TATGGTAATTGTGTGYCAGCMGCCGCGGTAA,CWT,14,Reference,W14P2,Low,25m,Drought,56,Reference-Drought,0.633165487
36,Reference3-Control,AGCGCGGCGAAT,TATGGTAATTGTGTGYCAGCMGCCGCGGTAA,CWT,14,Reference,W14P3,Low,50m,Control,56,Reference-Control,0.458832335
37,Reference3-Drought,TAGCAGTTGCGT,TATGGTAATTGTGTGYCAGCMGCCGCGGTAA,CWT,14,Reference,W14P3,Low,50m,Drought,56,Reference-Drought,0.604109962
49,Reference4-Control,ACTCTGTAATTA,TATGGTAATTGTGTGYCAGCMGCCGCGGTAA,CWT,14,Reference,W14P4,High,50m,Control,56,Reference-Control,0.420318454
50,Reference4-Drought,TCATGGCCTCCG,TATGGTAATTGTGTGYCAGCMGCCGCGGTAA,CWT,14,Reference,W14P4,High,50m,Drought,56,Reference-Drought,0.636023408
62,Reference5-Control,CAATCATAGGTG,TATGGTAATTGTGTGYCAGCMGCCGCGGTAA,CWT,14,Reference,W14P5,High,25m,Control,56,Reference-Control,0.417460533
63,Reference5-Drought,GTTGGACGAAGG,TATGGTAATTGTGTGYCAGCMGCCGCGGTAA,CWT,14,Reference,W14P5,High,25m,Drought,56,Reference-Drought,0.517896026
75,Reference6-Control,GTCACTCCGAAC,TATGGTAATTGTGTGYCAGCMGCCGCGGTAA,CWT,14,Reference,W14P6,High,5m,Control,56,Reference-Control,0.411608601
76,Reference6-Drought,CGTTCTGGTGGT,TATGGTAATTGTGTGYCAGCMGCCGCGGTAA,CWT,14,Reference,W14P6,High,5m,Drought,56,Reference-Drought,0.500612412
88,Disturbed1-Control,TAGTTCGGTGAC,TATGGTAATTGTGTGYCAGCMGCCGCGGTAA,CWT,6,Disturbed,W6P1,Low,5m,Control,56,Disturbed-Control,0.456110506
89,Disturbed1-Drought,TTAATGGATCGG,TATGGTAATTGTGTGYCAGCMGCCGCGGTAA,CWT,6,Disturbed,W6P1,Low,5m,Drought,56,Disturbed-Drought,0.621937942
101,Disturbed2-Control,TCAAGTCCGCAC,TATGGTAATTGTGTGYCAGCMGCCGCGGTAA,CWT,6,Disturbed,W6P2,Low,25m,Control,56,Disturbed-Control,0.463663582
114,Disturbed3-Control,GTCAGGTGCGGC,TATGGTAATTGTGTGYCAGCMGCCGCGGTAA,CWT,6,Disturbed,W6P3,Low,50m,Control,56,Disturbed-Control,0.436717474
115,Disturbed3-Drought,TTGAACAAGCCA,TATGGTAATTGTGTGYCAGCMGCCGCGGTAA,CWT,6,Disturbed,W6P3,Low,50m,Drought,56,Disturbed-Drought,0.522999456
127,Disturbed4-Control,ATATGTTCTCAA,TATGGTAATTGTGTGYCAGCMGCCGCGGTAA,CWT,6,Disturbed,W6P4,High,5m,Control,56,Disturbed-Control,0.491766467
128,Disturbed4-Drought,ATGTGCTGCTCG,TATGGTAATTGTGTGYCAGCMGCCGCGGTAA,CWT,6,Disturbed,W6P4,High,5m,Drought,56,Disturbed-Drought,0.715909091
140,Disturbed5-Control,CCGATAAAGGTT,TATGGTAATTGTGTGYCAGCMGCCGCGGTAA,CWT,6,Disturbed,W6P5,High,25m,Control,56,Disturbed-Control,0.495508982
141,Disturbed5-Drought,CAGGAACCAGGA,TATGGTAATTGTGTGYCAGCMGCCGCGGTAA,CWT,6,Disturbed,W6P5,High,25m,Drought,56,Disturbed-Drought,0.703796952
153,Disturbed6-Control,GCATAAACGACT,TATGGTAATTGTGTGYCAGCMGCCGCGGTAA,CWT,6,Disturbed,W6P6,High,50m,Control,56,Disturbed-Control,0.568181818
154,Disturbed6-Drought,ATCGTAGTGGTC,TATGGTAATTGTGTGYCAGCMGCCGCGGTAA,CWT,6,Disturbed,W6P6,High,50m,Drought,56,Disturbed-Drought,0.536880784
12,Reference1-Control,CGAGGCGAGTCA,TATGGTAATTGTGTGYCAGCMGCCGCGGTAA,CWT,14,Reference,W14P1,Low,5m,Control,84,Reference-Control,0.434948285
13,Reference1-Drought,TTCCAATACTCA,TATGGTAATTGTGTGYCAGCMGCCGCGGTAA,CWT,14,Reference,W14P1,Low,5m,Drought,84,Reference-Drought,0.589480131
25,Reference2-Control,AACTCAATAGCG,TATGGTAATTGTGTGYCAGCMGCCGCGGTAA,CWT,14,Reference,W14P2,Low,25m,Control,84,Reference-Control,0.388609145
26,Reference2-Drought,TCAGACCAACTG,TATGGTAATTGTGTGYCAGCMGCCGCGGTAA,CWT,14,Reference,W14P2,Low,25m,Drought,84,Reference-Drought,0.652150245
38,Reference3-Control,CCACGAGCAGGC,TATGGTAATTGTGTGYCAGCMGCCGCGGTAA,CWT,14,Reference,W14P3,Low,50m,Control,84,Reference-Control,0.464139902
39,Reference3-Drought,GCGTGCCCGGCC,TATGGTAATTGTGTGYCAGCMGCCGCGGTAA,CWT,14,Reference,W14P3,Low,50m,Drought,84,Reference-Drought,0.579069134
51,Reference4-Control,CAAAGGAGCCCG,TATGGTAATTGTGTGYCAGCMGCCGCGGTAA,CWT,14,Reference,W14P4,High,50m,Control,84,Reference-Control,0.378946652
52,Reference4-Drought,TGCGGCGTCAGG,TATGGTAATTGTGTGYCAGCMGCCGCGGTAA,CWT,14,Reference,W14P4,High,50m,Drought,84,Reference-Drought,0.504627109
64,Reference5-Control,CGCTGTGGATTA,TATGGTAATTGTGTGYCAGCMGCCGCGGTAA,CWT,14,Reference,W14P5,High,5m,Control,84,Reference-Control,0.36989657
65,Reference5-Drought,CTTGCTCATAAT,TATGGTAATTGTGTGYCAGCMGCCGCGGTAA,CWT,14,Reference,W14P5,High,5m,Drought,84,Reference-Drought,0.416099619
77,Reference6-Control,ACGACAACGGGC,TATGGTAATTGTGTGYCAGCMGCCGCGGTAA,CWT,14,Reference,W14P6,High,5m,Control,84,Reference-Control,0.397114861
78,Reference6-Drought,CTAGCGTGCGTT,TATGGTAATTGTGTGYCAGCMGCCGCGGTAA,CWT,14,Reference,W14P6,High,5m,Drought,84,Reference-Drought,0.405756668
90,Disturbed1-Control,TAGTCTAAGGGT,TATGGTAATTGTGTGYCAGCMGCCGCGGTAA,CWT,6,Disturbed,W6P1,Low,5m,Control,84,Disturbed-Control,0.458424061
91,Disturbed1-Drought,GTTTGAAACACG,TATGGTAATTGTGTGYCAGCMGCCGCGGTAA,CWT,6,Disturbed,W6P1,Low,5m,Drought,84,Disturbed-Drought,0.651061513
103,Disturbed2-Control,ACCTCAGTCAAG,TATGGTAATTGTGTGYCAGCMGCCGCGGTAA,CWT,6,Disturbed,W6P2,Low,25m,Control,84,Disturbed-Control,0.452027763
116,Disturbed3-Control,CGCCGTACTTGC,TATGGTAATTGTGTGYCAGCMGCCGCGGTAA,CWT,6,Disturbed,W6P3,Low,50m,Control,84,Disturbed-Control,0.595264017
117,Disturbed3-Drought,TAAACCTGGACA,TATGGTAATTGTGTGYCAGCMGCCGCGGTAA,CWT,6,Disturbed,W6P3,Low,50m,Drought,84,Disturbed-Drought,0.482444203
129,Disturbed4-Control,CCAACCCAGATC,TATGGTAATTGTGTGYCAGCMGCCGCGGTAA,CWT,6,Disturbed,W6P4,High,5m,Control,84,Disturbed-Control,0.547836146
130,Disturbed4-Drought,TTAAGTTAAGTT,TATGGTAATTGTGTGYCAGCMGCCGCGGTAA,CWT,6,Disturbed,W6P4,High,5m,Drought,84,Disturbed-Drought,0.671407186
142,Disturbed5-Control,AGCCGCGGGTCC,TATGGTAATTGTGTGYCAGCMGCCGCGGTAA,CWT,6,Disturbed,W6P5,High,25m,Control,84,Disturbed-Control,0.468086554
143,Disturbed5-Drought,GGTAGTTCATAG,TATGGTAATTGTGTGYCAGCMGCCGCGGTAA,CWT,6,Disturbed,W6P5,High,25m,Drought,84,Disturbed-Drought,0.709580838
155,Disturbed6-Control,CGATGAATATCG,TATGGTAATTGTGTGYCAGCMGCCGCGGTAA,CWT,6,Disturbed,W6P6,High,50m,Control,84,Disturbed-Control,0.517283615
156,Disturbed6-Drought,ATGACTAAGATG,TATGGTAATTGTGTGYCAGCMGCCGCGGTAA,CWT,6,Disturbed,W6P6,High,50m,Drought,84,Disturbed-Drought,0.628266195
