id,BarcodeSequence,LinkerPrimerSequence,Exp,Treatment,Month,Year,Description,Number,Watershed.Pair
FD1,CAAACGCACTAA,T ATG GTA ATT GTG TGY CAG CMG CCG CGG TAA,FD,Reference,June,2018,WS2,1,Cable Logged
FD2,GAAGAGGGTTGA,T ATG GTA ATT GTG TGY CAG CMG CCG CGG TAA,FD,Reference,June,2018,WS2,2,Cable Logged
FD3,TGAGTGGTCTGT,T ATG GTA ATT GTG TGY CAG CMG CCG CGG TAA,FD,Reference,June,2018,WS2,3,Cable Logged
FD4,TTACACAAAGGC,T ATG GTA ATT GTG TGY CAG CMG CCG CGG TAA,FD,Reference,June,2018,WS2,4,Cable Logged
FD5,ACGACGCATTTG,T ATG GTA ATT GTG TGY CAG CMG CCG CGG TAA,FD,Reference,June,2018,WS2,5,Cable Logged
FD6,TATCCAAGCGCA,T ATG GTA ATT GTG TGY CAG CMG CCG CGG TAA,FD,Reference,June,2018,WS2,6,Cable Logged
FD7,AGAGCCAAGAGC,T ATG GTA ATT GTG TGY CAG CMG CCG CGG TAA,FD,Disturbed,June,2018,WS7,7,Cable Logged
FD8,GGTGAGCAAGCA,T ATG GTA ATT GTG TGY CAG CMG CCG CGG TAA,FD,Disturbed,June,2018,WS7,8,Cable Logged
FD9,TAAATATACCCT,T ATG GTA ATT GTG TGY CAG CMG CCG CGG TAA,FD,Disturbed,June,2018,WS7,9,Cable Logged
FD10,TTGCGGACCCTA,T ATG GTA ATT GTG TGY CAG CMG CCG CGG TAA,FD,Disturbed,June,2018,WS7,10,Cable Logged
FD11,GTCGTCCAAATG,T ATG GTA ATT GTG TGY CAG CMG CCG CGG TAA,FD,Disturbed,June,2018,WS7,11,Cable Logged
FD12,TGCACAGTCGCT,T ATG GTA ATT GTG TGY CAG CMG CCG CGG TAA,FD,Disturbed,June,2018,WS7,12,Cable Logged
FD13,TTACTGTGGCCG,T ATG GTA ATT GTG TGY CAG CMG CCG CGG TAA,FD,Disturbed,June,2018,WS6,13,Pasture Conv.
FD14,GGTTCATGAACA,T ATG GTA ATT GTG TGY CAG CMG CCG CGG TAA,FD,Disturbed,June,2018,WS6,14,Pasture Conv.
FD15,TAACAATAATTC,T ATG GTA ATT GTG TGY CAG CMG CCG CGG TAA,FD,Disturbed,June,2018,WS6,15,Pasture Conv.
FD16,CTTATTAAACGT,T ATG GTA ATT GTG TGY CAG CMG CCG CGG TAA,FD,Disturbed,June,2018,WS6,16,Pasture Conv.
FD17,GCTCGAAGATTC,T ATG GTA ATT GTG TGY CAG CMG CCG CGG TAA,FD,Disturbed,June,2018,WS6,17,Pasture Conv.
FD18,TATTTGATTGGT,T ATG GTA ATT GTG TGY CAG CMG CCG CGG TAA,FD,Disturbed,June,2018,WS6,18,Pasture Conv.
FD19,TGTCAAAGTGAC,T ATG GTA ATT GTG TGY CAG CMG CCG CGG TAA,FD,Reference,June,2018,WS14,19,Pasture Conv.
FD20,CTATGTATTAGT,T ATG GTA ATT GTG TGY CAG CMG CCG CGG TAA,FD,Reference,June,2018,WS14,20,Pasture Conv.
FD21,ACTCCCGTGTGA,T ATG GTA ATT GTG TGY CAG CMG CCG CGG TAA,FD,Reference,June,2018,WS14,21,Pasture Conv.
FD22,CGGTATAGCAAT,T ATG GTA ATT GTG TGY CAG CMG CCG CGG TAA,FD,Reference,June,2018,WS14,22,Pasture Conv.
FD23,GACTCTGCTCAG,T ATG GTA ATT GTG TGY CAG CMG CCG CGG TAA,FD,Reference,June,2018,WS14,23,Pasture Conv.
FD24,GTCATGCTCCAG,T ATG GTA ATT GTG TGY CAG CMG CCG CGG TAA,FD,Reference,June,2018,WS14,24,Pasture Conv.
FD25,TACCGAAGGTAT,T ATG GTA ATT GTG TGY CAG CMG CCG CGG TAA,FD,Reference,June,2018,WS18,25,Pine Conv.
FD26,TGAGTATGAGTA,T ATG GTA ATT GTG TGY CAG CMG CCG CGG TAA,FD,Reference,June,2018,WS18,26,Pine Conv.
FD27,AATGGTTCAGCA,T ATG GTA ATT GTG TGY CAG CMG CCG CGG TAA,FD,Reference,June,2018,WS18,27,Pine Conv.
FD28,GAACCAGTACTC,T ATG GTA ATT GTG TGY CAG CMG CCG CGG TAA,FD,Reference,June,2018,WS18,28,Pine Conv.
FD29,CGCACCCATACA,T ATG GTA ATT GTG TGY CAG CMG CCG CGG TAA,FD,Reference,June,2018,WS18,29,Pine Conv.
FD30,GTGCCATAATCG,T ATG GTA ATT GTG TGY CAG CMG CCG CGG TAA,FD,Reference,June,2018,WS18,30,Pine Conv.
FD31,ACTCTTACTTAG,T ATG GTA ATT GTG TGY CAG CMG CCG CGG TAA,FD,Disturbed,June,2018,WS17,31,Pine Conv.
FD32,CTACAGGGTCTC,T ATG GTA ATT GTG TGY CAG CMG CCG CGG TAA,FD,Disturbed,June,2018,WS17,32,Pine Conv.
FD33,CTTGGAGGCTTA,T ATG GTA ATT GTG TGY CAG CMG CCG CGG TAA,FD,Disturbed,June,2018,WS17,33,Pine Conv.
FD34,TAATCCATAATC,T ATG GTA ATT GTG TGY CAG CMG CCG CGG TAA,FD,Disturbed,June,2018,WS17,34,Pine Conv.
FD35,CTATATTATCCG,T ATG GTA ATT GTG TGY CAG CMG CCG CGG TAA,FD,Disturbed,June,2018,WS17,35,Pine Conv.
FD36,ACCGAACAATCC,T ATG GTA ATT GTG TGY CAG CMG CCG CGG TAA,FD,Disturbed,June,2018,WS17,36,Pine Conv.
FD37,ACGGTACCCTAC,T ATG GTA ATT GTG TGY CAG CMG CCG CGG TAA,FD,Reference,June,2018,WS36,37,Clear Cut
FD38,TGAGTCATTGAG,T ATG GTA ATT GTG TGY CAG CMG CCG CGG TAA,FD,Reference,June,2018,WS36,38,Clear Cut
FD39,ACCTACTTGTCT,T ATG GTA ATT GTG TGY CAG CMG CCG CGG TAA,FD,Reference,June,2018,WS36,39,Clear Cut
FD40,ACTGTGACGTCC,T ATG GTA ATT GTG TGY CAG CMG CCG CGG TAA,FD,Reference,June,2018,WS36,40,Clear Cut
FD41,CTCTGAGGTAAC,T ATG GTA ATT GTG TGY CAG CMG CCG CGG TAA,FD,Reference,June,2018,WS36,41,Clear Cut
FD42,CATGTCTTCCAT,T ATG GTA ATT GTG TGY CAG CMG CCG CGG TAA,FD,Reference,June,2018,WS36,42,Clear Cut
FD43,TTCGATGCCGCA,T ATG GTA ATT GTG TGY CAG CMG CCG CGG TAA,FD,Disturbed,June,2018,WS37,43,Clear Cut
FD44,CCTCCGTCATGG,T ATG GTA ATT GTG TGY CAG CMG CCG CGG TAA,FD,Disturbed,June,2018,WS37,44,Clear Cut
FD45,GTGCCGGCCGAC,T ATG GTA ATT GTG TGY CAG CMG CCG CGG TAA,FD,Disturbed,June,2018,WS37,45,Clear Cut
FD46,CCTTGACCGATG,T ATG GTA ATT GTG TGY CAG CMG CCG CGG TAA,FD,Disturbed,June,2018,WS37,46,Clear Cut
FD47,CAAACTGCGTTG,T ATG GTA ATT GTG TGY CAG CMG CCG CGG TAA,FD,Disturbed,June,2018,WS37,47,Clear Cut
FD48,TCGAGAGTTTGC,T ATG GTA ATT GTG TGY CAG CMG CCG CGG TAA,FD,Disturbed,June,2018,WS37,48,Clear Cut
